{
    "title": "Femicidio en Perú",
    "period": [
        2009,
        2016
    ],
    "stats": {
        "PE.AM": {
            "department": "Amazonas",
            "femicides": 7,
            "attempted": 26
        },
        "PE.AN": {
            "department": "Ancash",
            "femicides": 33,
            "attempted": 38
        },
        "PE.AP": {
            "department": "Apurímac",
            "femicides": 6,
            "attempted": 9
        },
        "PE.AR": {
            "department": "Arequipa",
            "femicides": 60,
            "attempted": 60
        },
        "PE.AY": {
            "department": "Ayacucho",
            "femicides": 41,
            "attempted": 39
        },
        "PE.CJ": {
            "department": "Cajamarca",
            "femicides": 19,
            "attempted": 22
        },
        "PE.CL": {
            "department": "Callao",
            "femicides": 24,
            "attempted": 34
        },
        "PE.CS": {
            "department": "Cusco",
            "femicides": 35,
            "attempted": 42
        },
        "PE.HV": {
            "department": "Huancavelica",
            "femicides": 8,
            "attempted": 24
        },
        "PE.HC": {
            "department": "Huánuco",
            "femicides": 23,
            "attempted": 38
        },
        "PE.IC": {
            "department": "Ica",
            "femicides": 16,
            "attempted": 31
        },
        "PE.JU": {
            "department": "Junín",
            "femicides": 46,
            "attempted": 57
        },
        "PE.LL": {
            "department": "La Libertad",
            "femicides": 27,
            "attempted": 39
        },
        "PE.LB": {
            "department": "Lambayeque",
            "femicides": 24,
            "attempted": 7
        },
        "PE.LR": {
            "department": "Lima",
            "femicides": 91,
            "attempted": 86
        },
        "PE.LP": {
            "department": "Lima Metropolitana",
            "femicides": 202,
            "attempted": 191
        },
        "PE.LO": {
            "department": "Loreto",
            "femicides": 8,
            "attempted": 24
        },
        "PE.MD": {
            "department": "Madre de Dios",
            "femicides": 7,
            "attempted": 8
        },
        "PE.MQ": {
            "department": "Moquegua",
            "femicides": 6,
            "attempted": 4
        },
        "PE.PA": {
            "department": "Pasco",
            "femicides": 12,
            "attempted": 21
        },
        "PE.PI": {
            "department": "Piura",
            "femicides": 24,
            "attempted": 27
        },
        "PE.PU": {
            "department": "Puno",
            "femicides": 43,
            "attempted": 36
        },
        "PE.SM": {
            "department": "San Martín",
            "femicides": 11,
            "attempted": 27
        },
        "PE.TA": {
            "department": "Tacna",
            "femicides": 24,
            "attempted": 10
        },
        "PE.TU": {
            "department": "Tumbes",
            "femicides": 4,
            "attempted": 8
        },
        "PE.UC": {
            "department": "Ucayali",
            "femicides": 11,
            "attempted": 13
        }
    }
}
